manipulation,split,label,recovery_module,state_identification_ms,recovery_module_identification_ms,script_write_ms,compilation_load_ms,recovery_execution_ms
PickPlaceXYZ_detected_neg_L175,testing,underflow,Underflow,0.580,45.371,1.660,2214.350,5652.000
PickPlaceXYZ_detected_true_L175,testing,underflow,Underflow,0.002,15.505,0.423,1296.953,4718.000
PickPlaceXYZ_grabState_State1_to_State2_L103,testing,underflow,Underflow,0.002,13.073,0.330,1294.158,4687.000
PickPlaceXYZ_grabState_State2_to_State3_L178,testing,underflow,Underflow,0.002,19.602,0.408,1278.150,4683.000
PickPlaceXYZ_pickingState_State0_to_State2_L160,testing,underflow,Underflow,0.425,66.562,1.602,1273.852,986.000
PickPlaceXYZ_spY_5_5f_to_4_4f_L99,testing,underflow,Underflow,0.417,41.054,1.492,1171.531,4622.000
PickPlaceXYZ_counter_3_L83,training,underflow,Underflow,0.421,45.913,1.755,1271.023,4673.000
PickPlaceXYZ_grab_L148,training,underflow,Underflow,0.003,17.305,0.310,1297.967,4717.000
PickPlaceXYZ_grab_L183,training,underflow,Underflow,0.002,11.925,0.397,1292.818,4688.000
PickPlaceXYZ_grabState_State1_to_State0_L103,training,underflow,Underflow,0.002,16.284,0.376,1285.860,4712.000
PickPlaceXYZ_grabState_State1_to_State3_L103,training,underflow,Underflow,0.002,11.967,0.390,1264.336,4692.000
PickPlaceXYZ_grabState_State2_to_State0_L178,training,underflow,Underflow,0.002,16.081,0.374,1311.375,4687.000
PickPlaceXYZ_pickingState_State1_to_State2_L90,training,underflow,Underflow,0.002,14.122,0.351,1280.298,4729.000
PickPlaceXYZ_pickingState_State1_to_State3_L90,training,underflow,Underflow,0.002,11.579,0.394,1292.616,4677.000
PickPlaceXYZ_pickingState_State1_to_State4_L90,training,underflow,Underflow,0.002,12.713,0.357,1308.808,4708.000
PickPlaceXYZ_spY_5_5f_to_6_6f_L99,training,underflow,Underflow,0.002,13.025,0.343,1308.326,4697.000
PickPlaceXYZ_spY_5_5f_to_6_8f_L99,training,underflow,Underflow,0.002,13.841,0.346,1282.272,4643.000
PickPlaceXYZ_pickingState_State0_to_State3_L160,training,underflow,Underflow,0.414,42.710,1.577,1322.941,960.000
PickPlaceXYZ_pickingState_State0_to_State4_L160,training,underflow,Underflow,2.300,62.358,1.457,1236.065,975.000
PickPlaceXYZ_spX_3_1f_to_8_69f_L128,testing,overflow,Overflow,0.456,41.747,1.480,1152.022,16181.000
PickPlaceXYZ_spX_3_1f_to_8_77f_L128,testing,overflow,Overflow,0.002,17.227,0.500,1313.167,16213.000
PickPlaceXYZ_spZ_0_0f_to_10f_L157,testing,overflow,Overflow,0.002,12.409,0.377,1296.244,27252.000
PickPlaceXYZ_spZ_0_0f_to_6_91f_L157,testing,overflow,Overflow,0.001,12.344,0.405,1296.036,27195.000
PickPlaceXYZ_spZ_0_0f_to_6f_L157,testing,overflow,Overflow,0.001,11.998,0.351,1280.495,27312.000
PickPlaceXYZ_spZ_0_0f_to_7f_L157,testing,overflow,Overflow,0.001,14.297,0.310,1279.939,27360.000
PickPlaceXYZ_spZ_0_0f_to_9_31f_L157,testing,overflow,Overflow,0.002,14.273,0.479,1268.299,27287.000
PickPlaceXYZ_spZ_0_0f_to_9_76f_L157,testing,overflow,Overflow,0.002,12.720,0.311,1289.933,27265.000
PickPlaceXYZ_spZ_0_0f_to_9f_L157,testing,overflow,Overflow,0.002,13.700,0.412,1302.914,27217.000
PickPlaceXYZ_spZ_0_0f_to_6_12f_L157,training,overflow,Overflow,0.405,40.401,1.641,1331.262,27241.000
PickPlaceXYZ_spZ_0_0f_to_6_48f_L157,training,overflow,Overflow,0.003,16.474,0.477,1279.771,27384.000
PickPlaceXYZ_spZ_0_0f_to_7_24f_L157,training,overflow,Overflow,0.002,12.179,0.363,1291.105,27268.000
PickPlaceXYZ_spZ_0_0f_to_7_68f_L157,training,overflow,Overflow,0.002,13.719,0.402,1267.726,27202.000
PickPlaceXYZ_spZ_0_0f_to_8_05f_L157,training,overflow,Overflow,0.003,13.160,14.734,1308.796,27295.000
PickPlaceXYZ_spZ_0_0f_to_8_43f_L157,training,overflow,Overflow,0.003,13.009,0.337,1259.883,27339.000
PickPlaceXYZ_spZ_0_0f_to_8_87f_L157,training,overflow,Overflow,0.002,14.341,0.426,1256.800,27320.000
PickPlaceXYZ_spZ_0_0f_to_8f_L157,training,overflow,Overflow,0.002,12.483,0.365,1275.492,27303.000
PickPlaceXYZ_pickingState_State5_to_State0_L152,training,overflow,Overflow,0.400,41.242,1.607,1281.348,27217.000
PickPlaceXYZ_pickingState_State5_to_State1_L152,training,overflow,Overflow,0.002,16.009,0.370,1273.363,27287.000
PickPlaceXYZ_spX_3_1f_to_8_04f_L128,training,overflow,Overflow,0.002,12.926,0.350,1276.788,16082.000
PickPlaceXYZ_spX_3_1f_to_8_0f_L128,training,overflow,Overflow,0.002,12.435,0.344,1270.335,16156.000
PickPlaceXYZ_spX_3_1f_to_8_13f_L128,training,overflow,Overflow,0.002,11.910,0.428,1259.933,16071.000
PickPlaceXYZ_spX_3_1f_to_8_22f_L128,training,overflow,Overflow,0.002,12.037,0.418,1300.029,16169.000
PickPlaceXYZ_spX_3_1f_to_8_36f_L128,training,overflow,Overflow,0.002,13.840,0.341,1278.601,16145.000
PickPlaceXYZ_spX_3_1f_to_8_47f_L128,training,overflow,Overflow,0.001,11.897,0.355,1264.761,16138.000
PickPlaceXYZ_spX_3_1f_to_8_58f_L128,training,overflow,Overflow,0.002,11.986,0.298,1277.763,16103.000
PickPlaceXYZ_spX_3_1f_to_8_88f_L128,training,overflow,Overflow,0.001,11.865,0.335,1252.059,16214.000
PickPlaceXYZ_spX_3_1f_to_8_96f_L128,training,overflow,Overflow,0.002,12.888,0.323,1322.493,16267.000
PickPlaceXYZ_spX_3_1f_to_9_0f_L128,training,overflow,Overflow,0.001,11.977,14.813,1304.272,16240.000
PickPlaceXYZ_spX_8_3f_to_6_8f_L98,testing,misalignment_beltconveyor,MisalignmentBeltConveyor,0.603,42.449,1.586,2148.435,1085.000
PickPlaceXYZ_spX_8_3f_to_9_6f_L98,testing,misalignment_beltconveyor,MisalignmentBeltConveyor,0.003,16.652,0.379,1310.134,1305.000
PickPlaceXYZ_spX_8_3f_to_9_7f_L98,testing,misalignment_beltconveyor,MisalignmentBeltConveyor,0.002,12.128,0.352,1312.004,1230.000
PickPlaceXYZ_spY_5_5f_to_7_0f_L99,testing,misalignment_beltconveyor,MisalignmentBeltConveyor,0.002,30.911,0.422,1295.670,1126.000
PickPlaceXYZ_spZ_0_0f_to_8f_L195,testing,misalignment_beltconveyor,MisalignmentBeltConveyor,0.002,12.211,0.314,1259.231,1476.000
PickPlaceXYZ_detected_false_L175,training,misalignment_beltconveyor,MisalignmentBeltConveyor,0.413,41.547,1.637,1291.959,1098.000
PickPlaceXYZ_pickingState_State2_to_State4_L104,training,misalignment_beltconveyor,MisalignmentBeltConveyor,0.002,18.334,0.502,1283.298,1280.000
PickPlaceXYZ_pickingState_State3_to_State4_L110,training,misalignment_beltconveyor,MisalignmentBeltConveyor,0.002,12.054,0.436,1277.748,1332.000
PickPlaceXYZ_spX_8_3f_to_10_0f_L98,training,misalignment_beltconveyor,MisalignmentBeltConveyor,0.003,59.471,0.428,1291.242,1219.000
PickPlaceXYZ_spX_8_3f_to_6_9f_L98,training,misalignment_beltconveyor,MisalignmentBeltConveyor,0.001,12.335,0.440,1262.537,997.000
PickPlaceXYZ_spX_8_3f_to_9_8f_L98,training,misalignment_beltconveyor,MisalignmentBeltConveyor,0.002,12.512,0.355,1287.692,1207.000
PickPlaceXYZ_spX_8_3f_to_9_9f_L98,training,misalignment_beltconveyor,MisalignmentBeltConveyor,0.002,11.959,0.327,1286.872,1253.000
PickPlaceXYZ_spY_5_5f_to_6_9f_L99,training,misalignment_beltconveyor,MisalignmentBeltConveyor,0.002,11.955,0.417,1325.924,1178.000
PickPlaceXYZ_spZ_0_0f_to_10f_L195,training,misalignment_beltconveyor,MisalignmentBeltConveyor,0.002,12.676,0.431,1285.766,1267.000
PickPlaceXYZ_spZ_0_0f_to_11f_L195,training,misalignment_beltconveyor,MisalignmentBeltConveyor,0.001,11.837,0.397,1297.268,1271.000
PickPlaceXYZ_spZ_0_0f_to_6f_L195,training,misalignment_beltconveyor,MisalignmentBeltConveyor,0.002,11.875,0.396,1289.703,1140.000
PickPlaceXYZ_spZ_0_0f_to_7f_L195,training,misalignment_beltconveyor,MisalignmentBeltConveyor,0.001,12.173,0.343,1308.690,1142.000
PickPlaceXYZ_spZ_0_0f_to_9f_L195,training,misalignment_beltconveyor,MisalignmentBeltConveyor,0.002,16.542,0.444,1294.883,1210.000
PickPlaceXYZ_spX_3_1f_to_2_79f_L116,testing,misalignment_first_box,MisalignmentFirstBox,0.848,55.723,1.720,1168.556,20722.000
PickPlaceXYZ_spX_3_1f_to_3_58f_L116,testing,misalignment_first_box,MisalignmentFirstBox,0.002,15.556,0.382,1285.849,20673.000
PickPlaceXYZ_spX_3_1f_to_4_13f_L116,testing,misalignment_first_box,MisalignmentFirstBox,0.002,12.930,0.422,1277.759,20730.000
PickPlaceXYZ_spX_3_1f_to_4_41f_L116,testing,misalignment_first_box,MisalignmentFirstBox,0.009,14.301,0.354,1288.269,20696.000
PickPlaceXYZ_spX_3_1f_to_2_17f_L116,training,misalignment_first_box,MisalignmentFirstBox,0.414,41.520,1.772,1270.154,20988.000
PickPlaceXYZ_spX_3_1f_to_2_44f_L116,training,misalignment_first_box,MisalignmentFirstBox,0.002,16.090,0.410,1295.063,20939.000
PickPlaceXYZ_spX_3_1f_to_3_26f_L116,training,misalignment_first_box,MisalignmentFirstBox,0.002,12.751,0.427,1265.791,20611.000
PickPlaceXYZ_spX_3_1f_to_3_92f_L116,training,misalignment_first_box,MisalignmentFirstBox,0.002,18.547,0.344,1305.144,20637.000
PickPlaceXYZ_spX_3_1f_to_4_76f_L116,training,misalignment_first_box,MisalignmentFirstBox,0.002,12.486,0.357,1286.922,20724.000
PickPlaceXYZ_spX_3_1f_to_4_98f_L116,training,misalignment_first_box,MisalignmentFirstBox,0.001,13.486,0.512,1272.774,20670.000
PickPlaceXYZ_spY_3_8f_to_2_14f_L117,training,misalignment_first_box,MisalignmentFirstBox,0.002,14.586,0.413,1282.682,20917.000
PickPlaceXYZ_spY_3_8f_to_2_48f_L117,training,misalignment_first_box,MisalignmentFirstBox,0.001,12.343,0.418,1289.273,20859.000
PickPlaceXYZ_spY_3_8f_to_2_83f_L117,training,misalignment_first_box,MisalignmentFirstBox,0.002,12.433,2.114,1287.595,20786.000
PickPlaceXYZ_spY_3_8f_to_3_21f_L117,training,misalignment_first_box,MisalignmentFirstBox,0.001,14.074,0.348,1312.422,20770.000
PickPlaceXYZ_spY_3_8f_to_3_67f_L117,training,misalignment_first_box,MisalignmentFirstBox,0.002,11.923,0.338,1258.493,20521.000
PickPlaceXYZ_spX_3_1f_to_2_21f_L128,testing,misalignment_third_box,MisalignmentThirdBox,0.415,45.355,2.244,1313.353,6685.000
PickPlaceXYZ_spX_3_1f_to_2_68f_L128,testing,misalignment_third_box,MisalignmentThirdBox,0.002,15.696,0.374,1276.163,6560.000
PickPlaceXYZ_spY_5_3f_to_3_31f_L129,testing,misalignment_third_box,MisalignmentThirdBox,0.002,17.342,0.392,1285.139,6805.000
PickPlaceXYZ_spY_5_3f_to_5_18f_L129,testing,misalignment_third_box,MisalignmentThirdBox,0.002,12.418,0.348,1269.898,6398.000
PickPlaceXYZ_spY_5_3f_to_5_47f_L129,testing,misalignment_third_box,MisalignmentThirdBox,0.002,12.350,0.367,1268.445,6437.000
PickPlaceXYZ_spY_5_3f_to_6_91f_L129,testing,misalignment_third_box,MisalignmentThirdBox,0.001,12.820,0.422,1269.722,6674.000
PickPlaceXYZ_spX_3_1f_to_2_03f_L128,training,misalignment_third_box,MisalignmentThirdBox,0.481,40.702,1.835,1278.920,6675.000
PickPlaceXYZ_spX_3_1f_to_2_46f_L128,training,misalignment_third_box,MisalignmentThirdBox,0.002,18.062,0.356,1274.439,6641.000
PickPlaceXYZ_spX_3_1f_to_2_94f_L128,training,misalignment_third_box,MisalignmentThirdBox,0.002,12.155,0.392,1269.789,6463.000
PickPlaceXYZ_spX_3_1f_to_3_37f_L128,training,misalignment_third_box,MisalignmentThirdBox,0.002,15.135,0.396,1272.968,6462.000
PickPlaceXYZ_spX_3_1f_to_3_59f_L128,training,misalignment_third_box,MisalignmentThirdBox,0.003,12.016,0.369,1263.720,6598.000
PickPlaceXYZ_spX_3_1f_to_3_78f_L128,training,misalignment_third_box,MisalignmentThirdBox,0.001,11.982,0.369,1280.498,6619.000
PickPlaceXYZ_spX_3_1f_to_3_96f_L128,training,misalignment_third_box,MisalignmentThirdBox,0.002,12.100,0.379,1270.057,6662.000
PickPlaceXYZ_spY_5_3f_to_3_08f_L129,training,misalignment_third_box,MisalignmentThirdBox,0.001,14.287,0.394,1274.502,6811.000
PickPlaceXYZ_spY_5_3f_to_3_57f_L129,training,misalignment_third_box,MisalignmentThirdBox,0.002,12.524,0.361,1266.972,6702.000
PickPlaceXYZ_spY_5_3f_to_3_86f_L129,training,misalignment_third_box,MisalignmentThirdBox,0.001,12.762,0.429,1253.284,6695.000
PickPlaceXYZ_spY_5_3f_to_4_12f_L129,training,misalignment_third_box,MisalignmentThirdBox,0.002,12.053,0.341,1254.838,6732.000
PickPlaceXYZ_spY_5_3f_to_4_39f_L129,training,misalignment_third_box,MisalignmentThirdBox,0.001,15.005,0.325,1276.801,6656.000
PickPlaceXYZ_spY_5_3f_to_4_66f_L129,training,misalignment_third_box,MisalignmentThirdBox,0.002,13.262,0.463,1278.147,6622.000
PickPlaceXYZ_spY_5_3f_to_4_93f_L129,training,misalignment_third_box,MisalignmentThirdBox,0.002,12.104,0.399,1254.817,6520.000
PickPlaceXYZ_spY_5_3f_to_5_74f_L129,training,misalignment_third_box,MisalignmentThirdBox,0.002,11.841,0.315,1292.880,6560.000
PickPlaceXYZ_spY_5_3f_to_6_02f_L129,training,misalignment_third_box,MisalignmentThirdBox,0.002,12.790,0.388,1277.486,6620.000
PickPlaceXYZ_spY_5_3f_to_6_29f_L129,training,misalignment_third_box,MisalignmentThirdBox,0.002,14.125,0.422,1269.071,6671.000
PickPlaceXYZ_spY_5_3f_to_6_58f_L129,training,misalignment_third_box,MisalignmentThirdBox,0.002,12.245,0.366,1274.443,6689.000
PickPlaceXYZ_c_L96,testing,misalignment_third_box,MisalignmentThirdBox,0.402,42.207,1.841,1284.458,6055.000
PickPlaceXYZ_c_L126,training,misalignment_third_box,MisalignmentThirdBox,0.002,15.558,0.360,1269.235,6063.000
PickPlaceXYZ_spX_3_1f_to_4_06f_L121,testing,misalignment_second_box,MisalignmentSecondBox,0.003,12.369,0.394,1248.096,20695.000
PickPlaceXYZ_spX_3_1f_to_4_28f_L121,testing,misalignment_second_box,MisalignmentSecondBox,0.003,18.913,0.422,1286.796,20712.000
PickPlaceXYZ_spX_3_1f_to_4_63f_L121,testing,misalignment_second_box,MisalignmentSecondBox,0.002,12.128,0.375,1265.058,20670.000
PickPlaceXYZ_spY_6_7f_to_8_14f_L122,testing,misalignment_second_box,MisalignmentSecondBox,0.001,13.831,0.375,1277.126,20844.000
PickPlaceXYZ_spX_3_1f_to_3_49f_L121,training,misalignment_second_box,MisalignmentSecondBox,0.001,13.520,0.338,1257.268,20696.000
PickPlaceXYZ_spX_3_1f_to_3_83f_L121,training,misalignment_second_box,MisalignmentSecondBox,0.002,12.988,0.439,1238.208,20581.000
PickPlaceXYZ_spX_3_1f_to_4_91f_L121,training,misalignment_second_box,MisalignmentSecondBox,0.003,12.099,0.323,1253.817,20756.000
PickPlaceXYZ_spY_6_7f_to_7_05f_L122,training,misalignment_second_box,MisalignmentSecondBox,0.002,14.653,0.347,1259.622,20722.000
PickPlaceXYZ_spY_6_7f_to_7_22f_L122,training,misalignment_second_box,MisalignmentSecondBox,0.002,11.835,0.394,1327.408,20729.000
PickPlaceXYZ_spY_6_7f_to_7_48f_L122,training,misalignment_second_box,MisalignmentSecondBox,0.002,13.179,0.316,1269.445,20820.000
PickPlaceXYZ_spY_6_7f_to_7_71f_L122,training,misalignment_second_box,MisalignmentSecondBox,0.002,12.289,0.341,1271.388,20793.000
PickPlaceXYZ_spY_6_7f_to_7_96f_L122,training,misalignment_second_box,MisalignmentSecondBox,0.001,12.178,0.345,1261.960,20791.000
PickPlaceXYZ_spY_6_7f_to_8_37f_L122,training,misalignment_second_box,MisalignmentSecondBox,0.001,11.796,0.353,1284.160,20888.000
PickPlaceXYZ_spY_6_7f_to_8_59f_L122,training,misalignment_second_box,MisalignmentSecondBox,0.001,11.758,0.378,1310.493,20995.000
PickPlaceXYZ_spY_6_7f_to_8_83f_L122,training,misalignment_second_box,MisalignmentSecondBox,0.002,13.219,0.384,1289.661,20926.000
PickPlaceXYZ_spY_6_7f_to_8_98f_L122,training,misalignment_second_box,MisalignmentSecondBox,0.002,13.778,0.342,1276.886,21001.000
